{
    "data": {
        "Crypto": [
            {
                "category": "Crypto",
                "description": "",
                "files": [
                    "/files/159d9e9db24dd60f4c27beaebb0ee66c/flag.enc?token=eyJ1c2VyX2lkIjo1NiwidGVhbV9pZCI6bnVsbCwiZmlsZV9pZCI6MX0.X73OGw.7jgOQ33UNRRpLyl3hcok85EaxqY"
                ],
                "hints": [
                    "-"
                ],
                "id": 4,
                "name": "Back to Basic",
                "points": 500,
                "solves": 17
            },
            {
                "category": "Crypto",
                "description": "Sepertinya Bob kehilangan kunci yang diberikan oleh Alice. Dapatkah kalian membantu Bob untuk mendapatkan kuncinya kembali dan membuat Bob berhasil membaca pesan rahasia yang dikirimkan oleh Alice ?",
                "files": [
                    "/files/7a78228eabf5fdd1c316d3d042ba58ed/main.py?token=eyJ1c2VyX2lkIjo1NiwidGVhbV9pZCI6bnVsbCwiZmlsZV9pZCI6MTB9.X73OGw.4a2uNUZWa8Lsy7UX3I5bHP17a30",
                    "/files/1020a3be9e189cf11664b64fbfa8a3c9/secret.txt.enc?token=eyJ1c2VyX2lkIjo1NiwidGVhbV9pZCI6bnVsbCwiZmlsZV9pZCI6MTF9.X73OGw.GS5QvVrB-rjGswWHS1Dzb4W6po4"
                ],
                "hints": [
                    "-"
                ],
                "id": 21,
                "name": "CrackMe",
                "points": 1000,
                "solves": 13
            },
            {
                "category": "Crypto",
                "description": "Pada 10 tahun yang lalu di sebuah negara, dilakukan sebuah penyelidikan tentang organisasi rahasia yang melakukan aktivitas mencurigakan di negara tersebut. Kemudian dilakukan proses penyadapan komunikasi pengiriman pesan yang dilakukan oleh organisasi yang menyebut diri mereka Aliens. Dari hasil penyadapan tersebut, lembaga intel dan pemerintah berhasil menyusun beberapa data berupa kode dan huruf yang disimpan pada laporan intercept pada file txt yang dikirimkan.\r\n\r\nAnda diharapkan dapat membantu pemerintah negara tersebut untuk memecahkan kode dari organisasi Aliens yang dicurigai melakukan aktivitas ilegal dan kriminal. Didapatkan sebuah attachment gambar dan file kode hasil komunikasi dari aktivitas yang dilakukan malam kemarin.\r\n\r\nP.S. :\r\nHati - hati terhadap jebakan alien",
                "files": [
                    "/files/fac04aa40e678b907835983e88bbecc0/Comms_Intercepts_Aliens.txt?token=eyJ1c2VyX2lkIjo1NiwidGVhbV9pZCI6bnVsbCwiZmlsZV9pZCI6MTZ9.X73OGw.ntNvPzIAHDVZgt5RvurPDTRpqac"
                ],
                "hints": [
                    "1337 Mix People",
                    "Pada setiap huruf di awal kalimat alay, dapat digunakan menjadai link baru menuju ke informasi selanjutnya.",
                    "Lihatlah ke atas pada bendera itu saudaraku",
                    "Warning, case is a matter things"
                ],
                "id": 19,
                "name": "_n1d3ntified [omm5",
                "points": 1000,
                "solves": 10
            },
            {
                "category": "Crypto",
                "description": "Murid-murid SMA yang berada di ruangan **16-JSF** sedang melakukan kegiatan pelatihan komputer di Sekolahnya dan mendapat tugas dari guru pembimbing untuk dikerjakan. Tugas tersebut dikirimkan oleh gurunya melalui email. Tiba-tiba ada seorang siswi kaget setelah melihat isi dalam emailnya. Ketika siswi tersebut membuka Email, terdapat banyak **SPAM EMAIL** dari orang yang tidak dikenal.\r\nDia merasa waspada karena banyak email yang masuk dengan isi yang sama secara berulang. Dia bertanya kepada gurunya untuk mengecek email tersebut. Setelah sang guru melihat isi email, guru tersebut melakukan analisis data. Data tersebut terdiri dari isi email dan ada sebuah gambar berupa kode **SEMAPHORE** (lowercase).\r\nKemudian Guru tersebut meminta bantuan anda untuk memecahkan maksud dari orang tidak dikenal tersebut.\r\n\r\n",
                "files": [
                    "/files/182de304b39d71f85be6409f39a48826/mail.txt?token=eyJ1c2VyX2lkIjo1NiwidGVhbV9pZCI6bnVsbCwiZmlsZV9pZCI6NH0.X73OGw.sEWU9N1D02GKJ9XEwNjLy_6xqh8",
                    "/files/1411928348b649c6e50ec25da04acd8f/kode.JPG?token=eyJ1c2VyX2lkIjo1NiwidGVhbV9pZCI6bnVsbCwiZmlsZV9pZCI6NX0.X73OGw.-gJrNsA5H6TjzLz4iFalNeYmudE"
                ],
                "hints": [
                    "-"
                ],
                "id": 11,
                "name": "Spam Mail",
                "points": 500,
                "solves": 12
            },
            {
                "category": "Crypto",
                "description": "Saya sudah menemukan kunci untuk mebuka sebuah file, tapi saya bingung cara menggunakannya.",
                "files": [
                    "/files/ef44583dd7139938ba29fa436869e0cd/FILE_ADA_DISINI.rar?token=eyJ1c2VyX2lkIjo1NiwidGVhbV9pZCI6bnVsbCwiZmlsZV9pZCI6MTd9.X73OGw.QVQmxdBwcxyywNcPJ3qgV7R8Yf0"
                ],
                "hints": [
                    "-"
                ],
                "id": 25,
                "name": "Find The Key",
                "points": 500,
                "solves": 17
            }
        ],
        "Forensic": [
            {
                "category": "Forensic",
                "description": "Cinderella menyembunyikan sesuatu didalam foto dirinya.\r\nTolong bantu keluarkan apa yang sedang disembunyikan oleh Cinderella.",
                "files": [
                    "/files/4e9692f66803a59c27330cc00239af30/Cinderella.exe?token=eyJ1c2VyX2lkIjo1NiwidGVhbV9pZCI6bnVsbCwiZmlsZV9pZCI6Mn0.X73OGw.9MBX953FLn00N0kdnl3tymGZWWY"
                ],
                "hints": [
                    "-"
                ],
                "id": 8,
                "name": "Cinderella",
                "points": 750,
                "solves": 16
            },
            {
                "category": "Forensic",
                "description": "Bantu naruto untuk berperang.",
                "files": [
                    "/files/72e2aa63d57ca8d02c9a444fadf8d95c/Naruto_Ajaib.rar?token=eyJ1c2VyX2lkIjo1NiwidGVhbV9pZCI6bnVsbCwiZmlsZV9pZCI6MTh9.X73OGw.E79QsVpRFWMRMvGmW99UOxd6VV4"
                ],
                "hints": [
                    "-"
                ],
                "id": 26,
                "name": "Detective Naruto",
                "points": 750,
                "solves": 18
            },
            {
                "category": "Forensic",
                "description": "Mungkin dengan mem-\"bongkarnya\" kalian akan menemukan sesuatu",
                "files": [
                    "/files/0941368bf72d652978b5d08a3357d8f7/KKST2020.pdf?token=eyJ1c2VyX2lkIjo1NiwidGVhbV9pZCI6bnVsbCwiZmlsZV9pZCI6Nn0.X73OHA.tixi-Nr7lEO0h3nlnSDpddW-ZJc"
                ],
                "hints": [
                    "-"
                ],
                "id": 16,
                "name": "Bongkar",
                "points": 500,
                "solves": 18
            },
            {
                "category": "Forensic",
                "description": "DIberikan sebuah file PCAP yang dicurigai adalah hasil bruteforce. Apakah kalian bisa menemukan informasi sensitif pada file ini ?",
                "files": [
                    "/files/82014ae23137088aec252097bf0fe9f1/merdeka.pcapng?token=eyJ1c2VyX2lkIjo1NiwidGVhbV9pZCI6bnVsbCwiZmlsZV9pZCI6MTJ9.X73OGw.7h1PZ5k7fVBsSaXnOa0Rvl2NWbQ"
                ],
                "hints": [
                    "-"
                ],
                "id": 22,
                "name": "Merd3k4!!!",
                "points": 750,
                "solves": 18
            }
        ],
        "OSINT": [
            {
                "category": "OSINT",
                "description": "Setelah mendapatkan data milik Developer pada challenge \"Find My Number\", ternyata Developer ini menyimpan satu rahasia pada salah satu platform paste online yang cukup terkenal. \r\nDapatkah kalian mencari tahu apa yang merupakan rahasia tersimpan dari Developer tersebut ?",
                "files": [],
                "hints": [
                    "Flag yang sebenarnya bukan di https://pastebin.com/3qeJa7XV"
                ],
                "id": 30,
                "name": "Hide & Seek",
                "points": 1000,
                "solves": 12
            },
            {
                "category": "OSINT",
                "description": "Bisakah kalian mencari siapa nama orang yang pertama kali memposting gambar ini ke internet\r\n\r\nflag adalah KKST2020{username_orangnya}",
                "files": [
                    "/files/4e54ca553c4ffa552e613251c40de807/Eijzy1BU4AExaal.jpeg?token=eyJ1c2VyX2lkIjo1NiwidGVhbV9pZCI6bnVsbCwiZmlsZV9pZCI6MjB9.X73OHA.yj6uNq1-FAe1zO4oAPW2b6UyL2Y"
                ],
                "hints": [
                    "-"
                ],
                "id": 31,
                "name": "Sexy Cars",
                "points": 750,
                "solves": 14
            },
            {
                "category": "OSINT",
                "description": "Perusahaan PT. Inarkunai sedang meluncurkan aplikasi open source untuk membantu komunitas IT di Indonesia. Namun, dari pihak perusahaan menginginkan Security Consultant untuk membantu perusahaan mengamankan dan memastikan informasi di publik apakah sudah aman atau belum untuk mulai menjalankan aktivitas mereka.\r\n\r\nKonsultan dapat menghubungi admin perusahaan menggunakan data kontak perusahaan yang sudah terlampir dari email, social media, maupun media berbagi Medium. \r\n\r\n",
                "files": [
                    "/files/96d7dad6714d7945dde04229b1b6b104/Keep_In_Touch_With_Us.txt?token=eyJ1c2VyX2lkIjo1NiwidGVhbV9pZCI6bnVsbCwiZmlsZV9pZCI6MTV9.X73OHA.ulAqNx3hwqrzhlY3R5RZ2ykXA0E"
                ],
                "hints": [
                    "Don't forget to check new Posts and new Events at our social Media  :')\r\n\r\nSocial Media with no security awareness is a disaster. So keep in touch with us at Social media. Email is not really interesting :')"
                ],
                "id": 20,
                "name": "Inarkunai",
                "points": 750,
                "solves": 13
            },
            {
                "category": "OSINT",
                "description": "Developer pada website https://2020.kks-tniad.id/ sangat suka bermain game bernama Dota 2. Dia memainkannya hampir setiap malam bersama dengan teman-temannya. \r\n\r\nNamun pada suatu hari, ternyata dia mendapatkan tagihan pulsa yang sangat besar dikarenakan adanya seseorang yang tidak bertanggung jawab mengirimkan kode OTP secara massal pada nomor ponselnya.\r\n\r\nBisakah kalian mencari nomor developer tersebut ?\r\n\r\nFormat Flag: KKST2020{NomorTelepon}",
                "files": [],
                "hints": [
                    "-"
                ],
                "id": 24,
                "name": "Find My Number",
                "points": 750,
                "solves": 13
            }
        ],
        "Reverse & PWN": [
            {
                "category": "Reverse & PWN",
                "description": "Reading gives us someplace to when we have stay where we are",
                "files": [
                    "/files/a10b4b07d8f4a30576c1d0dd409f240c/soal2?token=eyJ1c2VyX2lkIjo1NiwidGVhbV9pZCI6bnVsbCwiZmlsZV9pZCI6OH0.X73OHA.SVpFfEbFJbpd_yPshMuNki0qlm8"
                ],
                "hints": [
                    "-"
                ],
                "id": 18,
                "name": "Reading Challenge",
                "points": 750,
                "solves": 14
            },
            {
                "category": "Reverse & PWN",
                "description": "Notes From Programmer:\r\n\r\nSir, I want to say thanks for all of this hapiness and I want to say goodbye for my buffalo.\r\n\r\nHere is I sent the last program that I can made. Thank you.",
                "files": [
                    "/files/b5f6b8c1cdaba44f7efe51c9df4a0731/sayonara.exe?token=eyJ1c2VyX2lkIjo1NiwidGVhbV9pZCI6bnVsbCwiZmlsZV9pZCI6MTR9.X73OHA.ylKke55k9a01eNdMvB5pb2fRI_g"
                ],
                "hints": [
                    "-"
                ],
                "id": 23,
                "name": "Sayonara and Say Thanks to My Buffy",
                "points": 500,
                "solves": 12
            },
            {
                "category": "Reverse & PWN",
                "description": "Gali kemampuan dan temukan !",
                "files": [
                    "/files/9be3cf1552f07bbf04d532faf5c4b2a7/WhatTheRE.rar?token=eyJ1c2VyX2lkIjo1NiwidGVhbV9pZCI6bnVsbCwiZmlsZV9pZCI6MTl9.X73OHA.g4MXBzMo5fR63oOzq0Mkpwqq43A"
                ],
                "hints": [
                    "-"
                ],
                "id": 27,
                "name": "Bukan Untuk Dibiarkan",
                "points": 750,
                "solves": 15
            },
            {
                "category": "Reverse & PWN",
                "description": "Seseorang programmer telah membuat sebuah file yang mana file itu berisi informasi yang penting dan telah diberi kata sandi agar tidak sembarang orang dapat melihat informasi tersebut.  Suatu hari programmer itu mengalami kecelakaan dan meninggal dunia. Selanjutnya file itu di berikan kepada asistennya, akan tetapi asisten itu tidak mendapatkan informasi tentang kata sandi untuk membuka file. Sang programmer pernah cerita kepada asistennya bahwa sewaktu membuat kata sandi, file mengandung sebuah fungsi salah satu operasi Boolean. Asisten tersebut berasumsi bahwa file tersebut dapat dilakukan Reverse engineering untuk menemukan kata sandi yang tepat.",
                "files": [
                    "/files/7c741632a55f02510a8f3e9241f0e4e1/Breakthepassword.exe?token=eyJ1c2VyX2lkIjo1NiwidGVhbV9pZCI6bnVsbCwiZmlsZV9pZCI6M30.X73OHA.bRXB1PTpgeWIMZh0GIytfe7tNDo"
                ],
                "hints": [
                    "-"
                ],
                "id": 10,
                "name": "Break The Password",
                "points": 1000,
                "solves": 13
            },
            {
                "category": "Reverse & PWN",
                "description": "Sepertinya kalian dapat masuk ke sistem melalui ini, it just buffer overflow with another topping on it\r\n\r\n\r\n`ncat 149.28.154.48 30001` atau `nc 149.28.154.48 30001`",
                "files": [
                    "/files/b9d69020966fe3f12c85010a428a48dc/rop2?token=eyJ1c2VyX2lkIjo1NiwidGVhbV9pZCI6bnVsbCwiZmlsZV9pZCI6N30.X73OHA.ze-e_iiAVTHPXuN0re92g6K_hT8"
                ],
                "hints": [
                    "-"
                ],
                "id": 17,
                "name": "Print Your Name",
                "points": 1000,
                "solves": 11
            }
        ],
        "Web": [
            {
                "category": "Web",
                "description": "[http://149.28.154.48:20001](http://149.28.154.48:20001/)",
                "files": [],
                "hints": [
                    "-"
                ],
                "id": 12,
                "name": "Find Me",
                "points": 500,
                "solves": 12
            },
            {
                "category": "Web",
                "description": "A: Tell me more about MD5!\r\nB: It is MAGIC!\r\nA: What about PHP?\r\nB: PHP loves juggling\r\n\r\n[http://149.28.154.48:20003](http://149.28.154.48:20003)",
                "files": [],
                "hints": [
                    "-"
                ],
                "id": 14,
                "name": "Collision",
                "points": 750,
                "solves": 15
            },
            {
                "category": "Web",
                "description": "[http://149.28.154.48:20002](http://149.28.154.48:20002)",
                "files": [],
                "hints": [
                    "-"
                ],
                "id": 13,
                "name": "Secure Area System",
                "points": 500,
                "solves": 12
            },
            {
                "category": "Web",
                "description": "[http://149.28.154.48:20005](http://149.28.154.48:20005)",
                "files": [],
                "hints": [
                    "-"
                ],
                "id": 15,
                "name": "Lokal AD",
                "points": 1000,
                "solves": 13
            },
            {
                "category": "Web",
                "description": "[http://149.28.154.48:20004/](http://149.28.154.48:20004/)",
                "files": [],
                "hints": [
                    "-"
                ],
                "id": 7,
                "name": "Unauthorized",
                "points": 750,
                "solves": 16
            }
        ]
    },
    "title": "KKST CTF 2020 - Militer",
    "url": "http://207.148.67.205"
}