{
    "Crypto": {
        "RSA Kunci Pendek": {
            "Description": "ceasar baru saja diberitahu oleh temannya bahwa enkripsi klasik yang digunakannya tidak aman. \r\nSebelum mengirim pesan tersebut ceasar memutuskan untuk membuat 3 kunci publik rsa untuk menenkripsi pesannya\r\nTunjtukan bahwa pesan tersebut tetap tidak aman", 
            "Files": [
                "/files/1944841cbbf81c6b358fc6b67fbd01fb/RSA_lemah?token=eyJ0ZWFtX2lkIjpudWxsLCJ1c2VyX2lkIjoxNTEsImZpbGVfaWQiOjI3fQ.XbKu1w.PkwTJYwMyGtJoqcO2MYk-x-h764"
            ], 
            "Hint": "", 
            "ID": 36, 
            "Points": 150
        }, 
        "berAESnang-senang": {
            "Description": "Seorang office boy yg bekerja di JYP Entertainment mengetahui bahwa para member TWICE menggunakan enkripsi tertentu untuk mengirimkan pesan rahasia mereka. Dengan penuh skill yang diajarkan mamank hekel, sang office boy menemukan kode untuk merahasiakan pesan mereka. Bantu sang office boy untuk memecahkan pesan rahasia \"Senang-senang v0\" dengan mengakses\r\n```\r\nnc min4tozaki.me 31000", 
            "Files": [
                "/files/4ba76afc40402239467f70b6150e5488/s34cret.py?token=eyJ0ZWFtX2lkIjpudWxsLCJ1c2VyX2lkIjoxNTEsImZpbGVfaWQiOjI0fQ.XbKu1g.B0Jtc0rXPICZaAstNLAreJJCkDo"
            ], 
            "Hint": "", 
            "ID": 34, 
            "Points": 250
        }
    }, 
    "Encryption": {
        "Crypto Believe": {
            "Description": "Seorang arkeolog sedang meneliti artifak bekas perang saudara Caesar yang terjadi pada tahun 49 SM. Berdasarkan penelitiannya ditemukan sebuah pesan di sekitar artifak terbesut. Bantu arkeolog menemukan apa isi ari pesan tersebut. Pesannya adalah \"YNTZIIFZBRTDDDHBUIODLBROZTKFOVH\"", 
            "Files": [], 
            "Hint": "", 
            "ID": 32, 
            "Points": 100
        }
    }, 
    "Encryption ": {
        "Random Modulo": {
            "Description": "pecahkan modulo ini agar mendapat hasil yang diinginkan \r\n\r\nnc:180.250.135.8:8090", 
            "Files": [], 
            "Hint": "", 
            "ID": 38, 
            "Points": 100
        }
    }, 
    "Forensic": {
        "Disk Forensic": {
            "Description": "Seorang penyidik polisi menemukan image dari suatu file system. temukan flags dalam image filesystem ini \r\n\r\ndownload image di http://10.251.251.194/forensic.img", 
            "Files": [], 
            "Hint": "", 
            "ID": 30, 
            "Points": 200
        }, 
        "ftp forensik": {
            "Description": "Bantu Badrun menemukan flag yang hilang dalam file dokumen miliknya\r\n\r\n", 
            "Files": [
                "/files/095432ff3278859406dd0220a8b52cb9/trafik-gemastik12.pcapng?token=eyJ0ZWFtX2lkIjpudWxsLCJ1c2VyX2lkIjoxNTEsImZpbGVfaWQiOjI1fQ.XbKu2A.R3KuJWbOHpUJLf61Ar7l1h9tJ8w", 
                "/files/17aee1eb791e5cae0fe17c361b64ca58/images.png?token=eyJ0ZWFtX2lkIjpudWxsLCJ1c2VyX2lkIjoxNTEsImZpbGVfaWQiOjI2fQ.XbKu2A.EoS8robgti62CSCHs9Ybx56PixE"
            ], 
            "Hint": "", 
            "ID": 35, 
            "Points": 200
        }
    }, 
    "Miscellaneous ": {
        "basic command ": {
            "Description": "dalam direktori ini terdapat flags yang tersembunyi dalam suatu file. temukan flags tersebut. ", 
            "Files": [
                "/files/926eb65755164889eead11193e96aab8/dir.tar.gz?token=eyJ0ZWFtX2lkIjpudWxsLCJ1c2VyX2lkIjoxNTEsImZpbGVfaWQiOjIzfQ.XbKu2A.ioEp-CzqU2WCGpV1_DXb9TTUiVM"
            ], 
            "Hint": "", 
            "ID": 31, 
            "Points": 100
        }
    }, 
    "Steganography": {
        "digging deeper ": {
            "Description": "melodia menemukan sebuah file aneh, dia kesulitan untuk mencari informasi dalam file tersebut. bantu andi untuk menemukan informasi itu. \r\n\r\ndownload file : http://180.250.135.20/minatozaki.bmp", 
            "Files": [], 
            "Hint": "", 
            "ID": 33, 
            "Points": 200
        }
    }, 
    "Web App": {
        "Aplikasi Note": {
            "Description": "gali dan temukan kuncinya\r\nhttp://180.250.135.8:32768/", 
            "Files": [], 
            "Hint": "", 
            "ID": 37, 
            "Points": 50
        }
    }
}