{
    "BONUS": {
        "BONUS": {
            "Description": "Submit Poin Bonus :\r\n\r\nKKSI2019{Semangat_Berjuang_1954}", 
            "Files": [], 
            "Hint": "", 
            "ID": 18, 
            "Points": 1
        }
    }, 
    "Crypto": {
        "base64": {
            "Description": "Decrypt File di bawah ini\r\n\r\n", 
            "Files": [
                "ba39c7cca18003bfacfac32c6e411cb7/pesan_64.txt"
            ], 
            "Hint": "", 
            "ID": 17, 
            "Points": 60
        }
    }, 
    "Forensic": {
        "Pesan Gambar": {
            "Description": "Terdapat Pesan Rahasia di dalam gambar Bendera Merah Putih\r\n\r\npassword : benderaNKRI\r\n", 
            "Files": [
                "47459e48b61068de92d3fbc524734749/bendera.jpg"
            ], 
            "Hint": "", 
            "ID": 12, 
            "Points": 360
        }, 
        "RecoveryMe-Ez": {
            "Description": "Recovery me..\r\nflag= KKSI2019{flag_Md5 file flag}", 
            "Files": [
                "d2abeca2cce5a710801cb907904aac27/RecoveryMe-Ez.rar"
            ], 
            "Hint": "", 
            "ID": 16, 
            "Points": 200
        }, 
        "Serangan_Log": {
            "Description": "- Analisa Log Serangan SQL Injection\r\n\r\nFormat Flag : KKSI2019{flag}", 
            "Files": [
                "339c01d608d115641427abb95f2af780/Serangan.log"
            ], 
            "Hint": "", 
            "ID": 11, 
            "Points": 298
        }, 
        "file signature": {
            "Description": "flag = KKSI2019{flag_md5 file}", 
            "Files": [
                "53fd8eb915514a40721cb80b91ff6b2d/File_Signature.rar"
            ], 
            "Hint": "", 
            "ID": 15, 
            "Points": 100
        }, 
        "hash-ez": {
            "Description": "hash-ez\r\nflag = sha1 file\r\n\r\nclue: \r\n1. tools : hashMyFiles.exe", 
            "Files": [
                "5605d24ee1cbc27c96a81b2c0ca75d7f/flag.rar"
            ], 
            "Hint": "", 
            "ID": 14, 
            "Points": 50
        }
    }, 
    "Misc": {
        "Notepad": {
            "Description": "Soal: bonus", 
            "Files": [
                "9528b1eaa92895bc0c9f58d5e6d0e147/bonus"
            ], 
            "Hint": "", 
            "ID": 8, 
            "Points": 99
        }, 
        "Pesan Rahasia ": {
            "Description": "Terdapat Pesan Rahasia yang harus di pecahkan \r\n\r\nPassword harus di decrypt : 482c811da5d5b4bc6d497ffa98491e38\r\n\r\nFormat Flag = KKSI2019{flag}", 
            "Files": [
                "3000ddf00d6f51b612a1314b4afd6c4a/pesan_rahasia.zip"
            ], 
            "Hint": "", 
            "ID": 9, 
            "Points": 158
        }
    }, 
    "Reverse": {
        "Password": {
            "Description": "Soal: Analisa \"source code\" berikut dan dapatkan Flag-nya", 
            "Files": [
                "671dbea0c57a9ce21c65c3b1bbb093e2/soal.py"
            ], 
            "Hint": "", 
            "ID": 7, 
            "Points": 399
        }, 
        "Pasukan": {
            "Description": "Dapatkan Kode Rahasia untuk mendapatkan Flag \r\n\r\nFormat Flag = KKSI2019{flag}", 
            "Files": [
                "45e1bcdba00aeb354f81350577ccd952/pasukan"
            ], 
            "Hint": "", 
            "ID": 10, 
            "Points": 389
        }
    }, 
    "Web": {
        "Analisa Login": {
            "Description": "http://192.168.3.100:10009/<br />\r\nFormat Flag = KKSI2019{}\r\n\r\nSoal: Lakukan analisa file \"pcap\" untuk mendapatkan username dan password, kemudian gunakan login tersebut untuk login ke web dan dapatkan Flag-nya", 
            "Files": [
                "4dc70671cb8390beb43adb8c0b58347a/pass.pcapng"
            ], 
            "Hint": "", 
            "ID": 5, 
            "Points": 299
        }, 
        "Bypass Administrator": {
            "Description": "http://192.168.3.100:9001/ <br />\r\nFormat Flag = KKSI2019{}\r\n\r\nSoal: Silahkan login menggunakan user: guest dan password: guest<br />\r\nUntuk mendapatkan <b>Flag</b> anda harus login sebagai <b>administrator</b>", 
            "Files": [], 
            "Hint": "", 
            "ID": 1, 
            "Points": 278
        }, 
        "Command Injection": {
            "Description": "http://192.168.3.100:9004/ <br />\r\nFormat Flag = KKSI2019{}\r\n\r\nClue = backticks", 
            "Files": [], 
            "Hint": "", 
            "ID": 4, 
            "Points": 399
        }, 
        "Magic Hashes": {
            "Description": "http://192.168.3.100:9003/ <br />\r\nFormat Flag = KKSI2019{}\r\n\r\nSoal: Lakukan <i>BruteForce</i> direktori dan file untuk mendapatkan \"clue\"", 
            "Files": [], 
            "Hint": "", 
            "ID": 3, 
            "Points": 321
        }, 
        "Page Source": {
            "Description": "Cari pesan yang tersembunyi di dalam web ini \r\n\r\nhttp://192.168.3.100/psweb/", 
            "Files": [], 
            "Hint": "", 
            "ID": 13, 
            "Points": 120
        }, 
        "URL-encode": {
            "Description": "http://192.168.3.100:9002/<br />\r\nFormat Flag = KKSI2019{}", 
            "Files": [], 
            "Hint": "", 
            "ID": 2, 
            "Points": 156
        }, 
        "Welcome Surabaya": {
            "Description": "http://192.168.3.100:9006/<br />\r\nFormat Flag = KKSI2019{}\r\n\r\nSoal : Cek \"cookie\" untuk mendapatkan \"Flag-nya\" <br />Semangaaat!!", 
            "Files": [], 
            "Hint": "", 
            "ID": 6, 
            "Points": 123
        }
    }
}