{
    "data": {
        "Crypto": [
            {
                "category": "Crypto", 
                "description": "http://192.168.3.100:30001\r\n\r\n\r\nPada waktu perang baru baru ini, Komandan HKL ingin dibuatkan cara berkomunikasi yang aman. Maka ajudannya mengajukan beberapa cara enkripsi. Ajudannya bilang serperti berikut ini algoritmanya. Jadi nanti ada input text pak, Lalu kita generate 1 key sesuai panjang dari inputanya. Lalu kita lakukan caesar ciper dari inputan dengan key pertama tadi. Setelah itu kita simpan hasilnya pada operation1. Lalu kita generate lagi key2 sesuai dengan panjang operation 1. Lalu operation 1 dilakukan caesar shift lagi dengan key2 lalu disimpan pada operasi 2. Setelah itu kita buat key 3 dari xor key1 dan key2. Lalu terakhir kita xor lagi operation2 dan key3\r\n\r\n\r\n\r\ninput <b>flag</b> untuk pesan rahasia.", 
                "files": [], 
                "hints": [], 
                "id": 3, 
                "name": "Secret Message ", 
                "points": 400
            }, 
            {
                "category": "Crypto", 
                "description": "Hay kang semangat ya !!!  \r\n\r\nnc 192.168.3.100 6978  \r\n\r\nFormat Flag : KKSI2019{flag}", 
                "files": [], 
                "hints": [], 
                "id": 15, 
                "name": "KripKripKripTOO!", 
                "points": 200
            }
        ], 
        "Misc": [
            {
                "category": "Misc", 
                "description": "nc 192.168.3.100 30004", 
                "files": [
                    "c6ec60e3e1a28966cf386575e8a8baf8/peserta.pyc"
                ], 
                "hints": [], 
                "id": 5, 
                "name": "Santized isn't?", 
                "points": 400
            }
        ], 
        "Pentest": [
            {
                "category": "Pentest", 
                "description": "Submit dengan format flag\r\n\r\nKKSI2019{}\r\n\r\nTidak ada format flag pada flag yang asli. Silahkan submit dengan format diatas.", 
                "files": [], 
                "hints": [], 
                "id": 1, 
                "name": "Flag User", 
                "points": 400
            }, 
            {
                "category": "Pentest", 
                "description": "Submit dengan format flag\r\n\r\nKKSI2019{}", 
                "files": [], 
                "hints": [], 
                "id": 2, 
                "name": "Flag Root", 
                "points": 600
            }
        ], 
        "Pwn": [
            {
                "category": "Pwn", 
                "description": "Selamat Datang kang !!\r\n\r\nnc 192.168.3.101 34217\r\n", 
                "files": [
                    "b6c77f658df4d141e3e7d563e9d37d5f/welcome"
                ], 
                "hints": [], 
                "id": 18, 
                "name": "w3lc0m3", 
                "points": 150
            }, 
            {
                "category": "Pwn", 
                "description": "get license kang\r\n\r\nnc 192.168.3.101 3123", 
                "files": [
                    "bb35d925690e66100d3b656d72365333/army"
                ], 
                "hints": [], 
                "id": 19, 
                "name": "army", 
                "points": 300
            }, 
            {
                "category": "Pwn", 
                "description": "Sorry kang !!\r\n\r\nnc 192.168.3.101 34215\r\n", 
                "files": [
                    "536eaea43a9acd684a5f61d2beb6ca78/cendol_dawet"
                ], 
                "hints": [], 
                "id": 20, 
                "name": "cendol_dawet", 
                "points": 200
            }
        ], 
        "Reverse": [
            {
                "category": "Reverse", 
                "description": "Hay kang ketemu di KKSI 2019\r\n\r\nReverse this file and get Flag \r\n\r\nFormat Flag : KKSI2019{flag}", 
                "files": [
                    "57224259a031f44ac13fc501f2378606/repers"
                ], 
                "hints": [], 
                "id": 11, 
                "name": "repers", 
                "points": 150
            }, 
            {
                "category": "Reverse", 
                "description": "Hay kang how are you ?\r\n\r\nReverse this file and get Flag \r\n\r\nFormat Flag : KKSI2019{flag}", 
                "files": [
                    "2e94b372ac6acd28c23aa83b7bd93b5f/cilok"
                ], 
                "hints": [], 
                "id": 13, 
                "name": "cilok", 
                "points": 100
            }, 
            {
                "category": "Reverse", 
                "description": "Hay kang lama tak jumpa\r\n\r\nReverse this file and get Flag \r\n\r\nFormat Flag : KKSI2019{flag}", 
                "files": [
                    "82b5d3a46b490ae4ae002772081a5cc1/makanan"
                ], 
                "hints": [], 
                "id": 14, 
                "name": "makanan", 
                "points": 300
            }, 
            {
                "category": "Reverse", 
                "description": "Hay kang piye kabare ?\r\n\r\nReverse this file and get Flag \r\n\r\nFormat Flag : KKSI2019{flag}", 
                "files": [
                    "84aafcd627bcb00de93f304f18aef929/s1b3r"
                ], 
                "hints": [], 
                "id": 12, 
                "name": "s1b3r", 
                "points": 250
            }
        ], 
        "Web": [
            {
                "category": "Web", 
                "description": "http://192.168.3.100:30002", 
                "files": [], 
                "hints": [], 
                "id": 4, 
                "name": "More bug More fun", 
                "points": 400
            }, 
            {
                "category": "Web", 
                "description": "http://192.168.3.100:30003\r\n\r\n\r\n*Note\r\n\r\nTidak perlu menggunakan SQLmap dan automasi lainya.", 
                "files": [
                    "6bf44473309124aae4044067a3df4b18/peserta.zip"
                ], 
                "hints": [], 
                "id": 6, 
                "name": "Sauce?", 
                "points": 400
            }, 
            {
                "category": "Web", 
                "description": "Retaslah \r\nhttp://192.168.3.100:10000.\r\n\r\n\r\nhttps://drive.google.com/file/d/1WRkwUqHGOC3iOgL_hcLy-intXiwoc3Id/view?usp=sharing\r\n", 
                "files": [], 
                "hints": [
                    "perhatikan </br>\r\nfrom PIL import image </br>\r\nimport magic"
                ], 
                "id": 21, 
                "name": " Image Processing", 
                "points": 450
            }
        ], 
        "misc": [
            {
                "category": "misc", 
                "description": "Berikut ini password untuk challenge VM <b>De4l3r.ova.7z</b>\r\n\r\n\r\n<b>5039612121bb3fb47c6a#93a38d69568c2a4e67954e76b6c482#46e3700fd0e</b>\r\n\r\nKami kehilangan beberapa stringnya. Tapi kami ingat md5 dari password tersebut.\r\n\r\n<b>a7c30270850ec2473e0d3860758e7b45</b>\r\n\r\n\r\n<b>Submit TANPA kepala flag KKSI2019{}</b>", 
                "files": [], 
                "hints": [], 
                "id": 16, 
                "name": "Password VM", 
                "points": 1
            }
        ]
    }, 
    "url": "http://192.168.3.105"
}