{
    "data": {
        "Misc": [
            {
                "category": "Misc", 
                "description": "Masukin aja gan\r\n\r\nArkav6{c0ntoh_fl4g}", 
                "files": [], 
                "hints": [], 
                "id": 24, 
                "name": "Free Flag", 
                "points": 1, 
                "solves": 33
            }
        ], 
        "Pwn": [
            {
                "category": "Pwn", 
                "description": "`nc 54.169.181.206 10001`", 
                "files": [
                    "/files/2f7dfa6e576e2e2b12dbb30148f38dbc/hangman?token=eyJ1c2VyX2lkIjo3NywidGVhbV9pZCI6bnVsbCwiZmlsZV9pZCI6M30.Xg__eQ.j7gN1Aw23P8I9CrxYqsH949Bqgg"
                ], 
                "hints": [], 
                "id": 26, 
                "name": "hangman", 
                "points": 100, 
                "solves": 1
            }
        ], 
        "Web": [
            {
                "category": "Web", 
                "description": "http://54.169.181.206:10000", 
                "files": [], 
                "hints": [], 
                "id": 25, 
                "name": "brainduck", 
                "points": 100, 
                "solves": 2
            }
        ]
    }, 
    "url": "https://ctf.arkavidia.id"
}