{
    "data": {
        "Binary Exploit": [
            {
                "category": "Binary Exploit", 
                "description": "oh! i thought the random is safe (updated)\r\nnc 103.146.203.17 4001", 
                "files": [
                    "/files/3a108aad3faceb23ea7f6ad7557e0b89/libc-2.31.so?token=eyJ1c2VyX2lkIjo0LCJ0ZWFtX2lkIjoxMSwiZmlsZV9pZCI6MzZ9.X2_LdQ.kr81bNka9TcO6RQjFQpL1XKJTUI", 
                    "/files/9b2c4644dd54a8c06f3f6b24e9f47958/main?token=eyJ1c2VyX2lkIjo0LCJ0ZWFtX2lkIjoxMSwiZmlsZV9pZCI6NDF9.X2_LdQ.GQqyyarzLN15KwMDd0qW5tyg0H8"
                ], 
                "hints": [
                    "did you think this is about file struct expl?", 
                    "i think that you don't need control the rip", 
                    "fread() -> \\_IO\\_sgetn() -> \\_IO\\_\\*\\_xsgetn()"
                ], 
                "id": 9, 
                "name": "oh_file", 
                "points": 496, 
                "solves": 2
            }, 
            {
                "category": "Binary Exploit", 
                "description": "nothing more to say :)\r\nnc 103.146.203.17 4003", 
                "files": [
                    "/files/7f610c34f1cc37b59d288c7e4bda22db/main.file?token=eyJ1c2VyX2lkIjo0LCJ0ZWFtX2lkIjoxMSwiZmlsZV9pZCI6MjB9.X2_LdQ.3WKGUFDQK8I5hRG3PhzTPrL0lXw", 
                    "/files/8ab175eb7981234fdb09d82130edc789/libc-2.31.so?token=eyJ1c2VyX2lkIjo0LCJ0ZWFtX2lkIjoxMSwiZmlsZV9pZCI6Mzd9.X2_LdQ.12nXv6Pl2eeHsbGsAaUFtl599Jo"
                ], 
                "hints": [
                    "orw ropchain", 
                    "check your fd"
                ], 
                "id": 11, 
                "name": "do_it", 
                "points": 356, 
                "solves": 7
            }, 
            {
                "category": "Binary Exploit", 
                "description": "hack me hackers\r\nnc 103.146.203.17 4000", 
                "files": [
                    "/files/06c3778cfde2a07a64e3c9abe0d62187/main?token=eyJ1c2VyX2lkIjo0LCJ0ZWFtX2lkIjoxMSwiZmlsZV9pZCI6Mzl9.X2_LdQ.5ORyWvrX2QijxwQwtokT41ftRuI", 
                    "/files/85b127ca56f250efdb0c6a9587065613/main.c?token=eyJ1c2VyX2lkIjo0LCJ0ZWFtX2lkIjoxMSwiZmlsZV9pZCI6NDB9.X2_LdQ.XWQFYCPhd9xRGGnp_ovJKBz7VpA"
                ], 
                "hints": [
                    "sprintf is nice"
                ], 
                "id": 8, 
                "name": "hacker room", 
                "points": 100, 
                "solves": 11
            }, 
            {
                "category": "Binary Exploit", 
                "description": "Please give me a feedback for this ctf!\r\nnc 103.146.203.17 4002", 
                "files": [
                    "/files/3d311b97e5603db34b7f0cd8e5e8f4a1/main?token=eyJ1c2VyX2lkIjo0LCJ0ZWFtX2lkIjoxMSwiZmlsZV9pZCI6MTB9.X2_Ldg.nuVTUePkg0gZ5V6TOCj7YlJieb0", 
                    "/files/972d46cec4878063035288313dc634b4/libc-2.31.so?token=eyJ1c2VyX2lkIjo0LCJ0ZWFtX2lkIjoxMSwiZmlsZV9pZCI6Mzh9.X2_Ldg.5O-rrFGyDWUhecXrbNPL7DbEXEU"
                ], 
                "hints": [
                    "-"
                ], 
                "id": 10, 
                "name": "Bonus feedback", 
                "points": 500, 
                "solves": 0
            }, 
            {
                "category": "Binary Exploit", 
                "description": "Can you bypassing double free check in libc 2.31 for me?\r\nnc 103.146.203.17 4004", 
                "files": [
                    "/files/f0664ef6dd2d78f6c813eb271b181d21/main?token=eyJ1c2VyX2lkIjo0LCJ0ZWFtX2lkIjoxMSwiZmlsZV9pZCI6MTJ9.X2_Ldg.KyOUC8A_3F7nhyYffF-stoS4bl4", 
                    "/files/c1a23efbd0ac67a3dd9b4f58cf6be7b5/libc-2.31.so?token=eyJ1c2VyX2lkIjo0LCJ0ZWFtX2lkIjoxMSwiZmlsZV9pZCI6MTN9.X2_Ldg.PypxuupmVDjeMs2cmFnPKXEB8xc"
                ], 
                "hints": [
                    "-"
                ], 
                "id": 12, 
                "name": "another_heap", 
                "points": 500, 
                "solves": 1
            }
        ], 
        "Cryptography": [
            {
                "category": "Cryptography", 
                "description": "Jauh dikit napa", 
                "files": [
                    "/files/6b72694632a4d69ac0fbda3afe2299df/close.rar?token=eyJ1c2VyX2lkIjo0LCJ0ZWFtX2lkIjoxMSwiZmlsZV9pZCI6MX0.X2_LdQ.AJ_XinKTh-nyiLu5zStLtBoz5K4"
                ], 
                "hints": [
                    "-"
                ], 
                "id": 1, 
                "name": "Close", 
                "points": 100, 
                "solves": 13
            }, 
            {
                "category": "Cryptography", 
                "description": "(updated)", 
                "files": [
                    "/files/d7ed54428b25d575df100abea3f9a248/out.txt?token=eyJ1c2VyX2lkIjo0LCJ0ZWFtX2lkIjoxMSwiZmlsZV9pZCI6NDR9.X2_Ldg._Vhv8STtsOKCjhAxpvj98Gg_0i8", 
                    "/files/98be386bb4bd1540c35ecb20262939a1/babyrsa.py?token=eyJ1c2VyX2lkIjo0LCJ0ZWFtX2lkIjoxMSwiZmlsZV9pZCI6NDV9.X2_Ldg.QCFQcxk6ClVT_R1H58t_JTYZSsE"
                ], 
                "hints": [
                    "-"
                ], 
                "id": 21, 
                "name": "Baby RSA", 
                "points": 100, 
                "solves": 14
            }, 
            {
                "category": "Cryptography", 
                "description": "aes is to baby :P (updated file)\r\n\r\n\r\nnc 103.146.203.17 5000", 
                "files": [
                    "/files/6bdb900d9762558ad4f9d0e4d8c5c84d/main.py?token=eyJ1c2VyX2lkIjo0LCJ0ZWFtX2lkIjoxMSwiZmlsZV9pZCI6NDh9.X2_Ldg.0Xbb6YpFWe1q1-9NmB0cxn8tY1s"
                ], 
                "hints": [
                    "-"
                ], 
                "id": 22, 
                "name": "Baby Aes", 
                "points": 176, 
                "solves": 10
            }, 
            {
                "category": "Cryptography", 
                "description": "Cek hint\r\n\r\nhttp://103.146.203.17:1337/", 
                "files": [
                    "/files/0f9bb9ea1c661c8a8dc994b05ce8a62a/flag.enc?token=eyJ1c2VyX2lkIjo0LCJ0ZWFtX2lkIjoxMSwiZmlsZV9pZCI6MzR9.X2_Ldw.lTrBXE8TWLD0ZWPI1so5qJY61-g"
                ], 
                "hints": [
                    "```\r\ndef encrypt(p):\r\n    enc = AES.new(key, AES.MODE_OFB, iv)\r\n\treturn enc.encrypt(pad(p))\r\n```"
                ], 
                "id": 23, 
                "name": "Aesthethicc", 
                "points": 100, 
                "solves": 15
            }
        ], 
        "Forensic": [
            {
                "category": "Forensic", 
                "description": "ini deskripsi", 
                "files": [
                    "/files/95096648acb26c3eea541a479e6f5f37/pingLiar.pcap?token=eyJ1c2VyX2lkIjo0LCJ0ZWFtX2lkIjoxMSwiZmlsZV9pZCI6Mn0.X2_LdQ.-GQK-VL0xqIkzUDfFvnSf_13jds"
                ], 
                "hints": [
                    "-"
                ], 
                "id": 2, 
                "name": "Balap PING liar", 
                "points": 100, 
                "solves": 16
            }, 
            {
                "category": "Forensic", 
                "description": "stack sdung stack sdung", 
                "files": [
                    "/files/b8980cf7d1fd9b06c0f17230b4985612/stacked.png?token=eyJ1c2VyX2lkIjo0LCJ0ZWFtX2lkIjoxMSwiZmlsZV9pZCI6M30.X2_Ldg.hSde0dRNu3L9plI4v6zpi-lWEC8"
                ], 
                "hints": [
                    "-"
                ], 
                "id": 3, 
                "name": "Stack", 
                "points": 100, 
                "solves": 11
            }, 
            {
                "category": "Forensic", 
                "description": "", 
                "files": [
                    "/files/2096ebd646665262b3d1706fb67b51c5/pingLiar2.pcap?token=eyJ1c2VyX2lkIjo0LCJ0ZWFtX2lkIjoxMSwiZmlsZV9pZCI6MzV9.X2_Ldw.9SXNLXYP3PP3QqYsPP34SUPVK3c"
                ], 
                "hints": [
                    "-"
                ], 
                "id": 24, 
                "name": "Balap PING liar 2", 
                "points": 100, 
                "solves": 14
            }
        ], 
        "Reversing": [
            {
                "category": "Reversing", 
                "description": "Baby reverse\r\n\r\nFormat Flag : IFEST2020{FLAG}", 
                "files": [
                    "/files/ac147292f7334fbf20a213ae33d29394/baby?token=eyJ1c2VyX2lkIjo0LCJ0ZWFtX2lkIjoxMSwiZmlsZV9pZCI6MTV9.X2_Ldg.56IUpBOQnzMw2WE4RyoonQmVNyQ"
                ], 
                "hints": [
                    "-"
                ], 
                "id": 13, 
                "name": "baby", 
                "points": 100, 
                "solves": 16
            }, 
            {
                "category": "Reversing", 
                "description": "ada yang ngambang, tapi bukan warna kuning, apakah itu ?", 
                "files": [
                    "/files/1f3f2ab1d919932474dc65b7f3134396/ngambang?token=eyJ1c2VyX2lkIjo0LCJ0ZWFtX2lkIjoxMSwiZmlsZV9pZCI6MTZ9.X2_LdQ.CNKGDQiY55ZTK0VXkDmoArSBQj0"
                ], 
                "hints": [
                    "-"
                ], 
                "id": 14, 
                "name": "Bonus desert", 
                "points": 400, 
                "solves": 6
            }, 
            {
                "category": "Reversing", 
                "description": "Lagi lagi, komputer kami teretas, hacker mencoba masuk ke sistem kami melalui salah satu service yang vulnerable, mereka mencuri flag kami dan menghapusnya, tetapi kami mempunyai rekaman capture jaringan pada saat insiden terjadi. Bisakah kamu menganalisa dan mengembalikan flag yang tercuri?\r\n", 
                "files": [
                    "/files/18e76de7c204e6173ee91a0525e41d2d/stolen.pcapng?token=eyJ1c2VyX2lkIjo0LCJ0ZWFtX2lkIjoxMSwiZmlsZV9pZCI6MzJ9.X2_LdQ.qb9XEUXJQ9ymnywZH8zT_TevJAc"
                ], 
                "hints": [
                    "-"
                ], 
                "id": 16, 
                "name": "stolen", 
                "points": 400, 
                "solves": 4
            }, 
            {
                "category": "Reversing", 
                "description": "Salah satu komputer problem setter terkena Homoware, dan flag dari salah satu challenge terenkripsi, bisakah kamu mengembalikan flag, agar kompetisi CTF dapat berjalan dengan seharusnya?\r\n", 
                "files": [
                    "/files/dc09703407eb3b66b4d1075609a17cde/ransom?token=eyJ1c2VyX2lkIjo0LCJ0ZWFtX2lkIjoxMSwiZmlsZV9pZCI6MTd9.X2_LdQ.2FiV5Txnp1IWPxlQ1SJesNyu_1E", 
                    "/files/242dca6b87eaf266c05637e6d9b58795/flag.enc?token=eyJ1c2VyX2lkIjo0LCJ0ZWFtX2lkIjoxMSwiZmlsZV9pZCI6MTh9.X2_LdQ.pWL_4uWs94cR4BzkuasoooY6zn0"
                ], 
                "hints": [
                    "-"
                ], 
                "id": 15, 
                "name": "Homoware", 
                "points": 400, 
                "solves": 6
            }, 
            {
                "category": "Reversing", 
                "description": "Someone obfuscate my code, but it getting errors", 
                "files": [
                    "/files/903b137bf327bc658a422234f51f4a71/error.php?token=eyJ1c2VyX2lkIjo0LCJ0ZWFtX2lkIjoxMSwiZmlsZV9pZCI6MjN9.X2_Ldg.2GdFWhQt-LS9AC0UFjnUJrgWZWc"
                ], 
                "hints": [
                    "AES Behavior is modified"
                ], 
                "id": 19, 
                "name": "PHP Error", 
                "points": 464, 
                "solves": 4
            }
        ], 
        "Web": [
            {
                "category": "Web", 
                "description": "ingat aku? iya aku. Web yang dulu kamu hek\r\nPada saat itu aku menangiddd, namun sekarang aku telah berlatih dan bertambah kuat datteboyyahhhh!!!!!\r\n\r\nhttp://103.146.203.17:3000/", 
                "files": [
                    "/files/c6aed13bdc871f5de593dd8ec8491b7e/app.zip?token=eyJ1c2VyX2lkIjo0LCJ0ZWFtX2lkIjoxMSwiZmlsZV9pZCI6N30.X2_Ldg.VItTgI-uBtGWibYL69umtwL8mQA"
                ], 
                "hints": [
                    "-"
                ], 
                "id": 4, 
                "name": "Weebs Diary Revenge", 
                "points": 304, 
                "solves": 8
            }, 
            {
                "category": "Web", 
                "description": "I have a web proxy, can you exploit it ?\r\n\r\nhttp://103.146.203.17:3001\r\n", 
                "files": [
                    "/files/c1c6ca8578f5719c301e33ac809f074c/php-proxy.zip?token=eyJ1c2VyX2lkIjo0LCJ0ZWFtX2lkIjoxMSwiZmlsZV9pZCI6NX0.X2_Ldg.7USDaD9upBzTT9CZII_5STQRP6M"
                ], 
                "hints": [
                    "-"
                ], 
                "id": 7, 
                "name": "Proxy", 
                "points": 436, 
                "solves": 5
            }, 
            {
                "category": "Web", 
                "description": "Warming up with baby python\r\n\r\nhttp://103.146.203.17:3003/", 
                "files": [
                    "/files/55a19dadcffe061467abcbb30420ce40/app.py?token=eyJ1c2VyX2lkIjo0LCJ0ZWFtX2lkIjoxMSwiZmlsZV9pZCI6MjJ9.X2_Ldg.BCcru7PVuCFDUmSswY3k1Ofbv9M"
                ], 
                "hints": [
                    "-"
                ], 
                "id": 18, 
                "name": "Baby Python", 
                "points": 176, 
                "solves": 10
            }, 
            {
                "category": "Web", 
                "description": "Keep your note secret\r\n\r\nhttp://103.146.203.17:3002/", 
                "files": [
                    "/files/2e5b6d05348486efa2039ed8fe38a7eb/secret-note-peserta.zip?token=eyJ1c2VyX2lkIjo0LCJ0ZWFtX2lkIjoxMSwiZmlsZV9pZCI6MjF9.X2_Ldg.xQtMdLCNiiUAmmHru_cawmq-n78"
                ], 
                "hints": [
                    "-"
                ], 
                "id": 17, 
                "name": "Secret Note", 
                "points": 496, 
                "solves": 0
            }
        ]
    }, 
    "title": "CTF Informatics Festival 2020", 
    "url": "http://ctfd.ifest.id"
}