{
    "data": {
        "Cryptography": [
            {
                "category": "Cryptography", 
                "description": "We captured some weird messages from _kackers group_ bots. We are not 100% sure this is encrypted, but we still can't read or decode the message. Help us!\r\n\r\n`2bi4j2fcjli84edk07kbjj3cggg3k5ih0hcgg710260lak1ibead1gf15hflb5f41`\r\n\r\n@anfinogenov", 
                "files": [], 
                "hints": [], 
                "id": 1, 
                "name": "Message from base", 
                "points": 365, 
                "solves": 43
            }, 
            {
                "category": "Cryptography", 
                "description": "New intercepted message: `\u0433\u0416\u0437\u043f\u0432\u0448\u0411\u043f\u0432\u0448\u0411\u0437\u0418\u0417\u041d\u043b\u04283\u0419\u043b\u0433\u0412\u0411\u0443\u0429\u0427\u041d\u0449\u0428\u0426\u0433\u043b\u0418\u0416\u0429\u0448\u043120\u0436\u04302\u0415\u0439\u04302\u0425\u0448\u0432\u0449\u043e\u041a\u04252\u0424\u0436\u0428\u0427\u0419\u043b\u0418\u0416\u0421\u043f\u04322\u041d\u0445\u0433\u043c\u0425\u0448\u0429\u0426\u0420\u0442\u0418\u04165\u043b\u0433\u0448\u0411\u0438\u0428\u0427\u041d\u043b\u0418\u0416\u0415\u0439\u04282\u0425\u0449\u0432\u0448\u0411\u0446\u0428\u0427\u041d\u0449\u043329\u0448\u0429\u0412\u0411\u043f\u0432\u0448\u0411\u0441\u04303\u041d7\u04283\u0425\u0449\u0433\u04169\u0443\u04272\u04182\u041d\u04159\u0437\u0431\u0417\u0411\u043e\u0428\u0426\u0419\u043b\u0433\u04159\u0439\u041d\u041650\u0427\u0448\u04210\u041c\u0417\u0411\u0435\u0434\u0423\u04111\u0435\u0420==`\r\n\r\n@anfinogenov", 
                "files": [], 
                "hints": [], 
                "id": 2, 
                "name": "\u0410\u043d\u043e\u0442\u0445\u0435\u0440 \u043c\u0435\u0441\u0441\u0435\u0434\u0436 \u0444\u0440\u043e\u043c \u0431\u0435\u0439\u0441", 
                "points": 698, 
                "solves": 30
            }, 
            {
                "category": "Cryptography", 
                "description": "And another message captured: `-*;91~.,1*1=12~;-*?<27-6;:r~+-;~=27;0*~*1~=100;=*p~7y3~)?7*709~81,~+,~,;.2'p~55-%?**j=5.?*.:j)0#`\r\n\r\n@anfinogenov", 
                "files": [], 
                "hints": [], 
                "id": 7, 
                "name": "Red XOXOXO", 
                "points": 100, 
                "solves": 93
            }, 
            {
                "category": "Cryptography", 
                "description": "![Imgur](https://i.imgur.com/W7nTKED.jpg)\r\n\r\n@anfinogenov\r\n\r\nhttps://drive.google.com/open?id=16excnDOhaQUaSVlwrzT8Sk69eboB7p-K  \r\nhttps://drive.google.com/open?id=1tQfED8-ULWK2mcjodmiUPlMOK161p2Mv", 
                "files": [], 
                "hints": [], 
                "id": 20, 
                "name": "Every day i'm shuffling", 
                "points": 481, 
                "solves": 39
            }, 
            {
                "category": "Cryptography", 
                "description": "```\r\nn = 208644129891836890527171768061301730329\r\n\r\nc1 = 173743301171240370198046699578309731314\r\nc2 = 18997024455485040483743919351219518166\r\nc3 = 49337945995780286416188917529635194536\r\n```", 
                "files": [], 
                "hints": [], 
                "id": 25, 
                "name": "kacker Bob and kacker Alice", 
                "points": 100, 
                "solves": 61
            }
        ], 
        "Insane": [
            {
                "category": "Insane", 
                "description": "We have intercepted some strange dialog between two infected hosts. Please, help us decode this and get kackers plans\r\n\r\nhttps://drive.google.com/open?id=158byn_W3izzQLBqPlo3IAa4zUy0bGp15\r\n\r\n@anfinogenov", 
                "files": [], 
                "hints": [
                    "These guys using almost the same files to transfer messages. What's the difference? Can we visualize this diff?"
                ], 
                "id": 5, 
                "name": "Rolled Conversation", 
                "points": 997, 
                "solves": 4
            }, 
            {
                "category": "Insane", 
                "description": "33 Christmas elves from _kackers group_ have played nasty trick with this executable and stored their secret in it. We know that these elves like stego and addition modulo 2, and don't like brute force. Can you get the flag?\r\n\r\nhttps://drive.google.com/open?id=1OKnC5T1mDd3aYlFdxPdheGOyIemosFkP\r\n\r\n@servidei9707", 
                "files": [], 
                "hints": [
                    "\"31 c0\" or \"33 c0\", what's your choice?"
                ], 
                "id": 6, 
                "name": "31 Christmas elves", 
                "points": 1000, 
                "solves": 1
            }, 
            {
                "category": "Insane", 
                "description": "To counteract kackers, you decided to create an organization for the implementation of paper security mechanisms. Unfortunately (or fortunately) you decided to create this organization in Russia. \r\n\r\nRead all the necessary documents and go through this paper Russian Government Process.\r\n\r\nTo complete this task, we have sent you a package of necessary documents. It includes a worker's memo, a short life story, a lunch menu, and an accounting form.\r\n\r\nYou will find some parts of the necessary information in these papers.\r\n\r\nBe sure to look to create an atmosphere - > https://www.youtube.com/watch?v=B6bN_T92SYY\r\n\r\n\r\nP.S. The Finance.pdf file has moved a little, but it does not interfere with the solution\r\n\r\n@greg0r0", 
                "files": [
                    "/files/36fca27fac047dda6ece493564da1385/Work_Instruction.docx?token=eyJ0ZWFtX2lkIjoxMTAsInVzZXJfaWQiOjIzMCwiZmlsZV9pZCI6NH0.XgmdEQ.pr5rC9WwcAAPA4_tn9_BxPFPynQ", 
                    "/files/ef6457a0f185078769f10b81c307c02b/document_for_new_worker.zip?token=eyJ0ZWFtX2lkIjoxMTAsInVzZXJfaWQiOjIzMCwiZmlsZV9pZCI6NX0.XgmdEQ.BgLM0ACSFzTYd3c89nXTtK4LZIY", 
                    "/files/a6c8cfb4bfb81e6ebc3b004cf571471e/base_lunch_menu.jpg?token=eyJ0ZWFtX2lkIjoxMTAsInVzZXJfaWQiOjIzMCwiZmlsZV9pZCI6Nn0.XgmdEQ.a7psblX6Vg-2rLprbPMkFkaxW2Y", 
                    "/files/b874b21010fb987198c9630fc03d6f0f/finance.pdf?token=eyJ0ZWFtX2lkIjoxMTAsInVzZXJfaWQiOjIzMCwiZmlsZV9pZCI6N30.XgmdEQ.sLThsvHG9hcNSrErxyBvbE-TuEQ"
                ], 
                "hints": [], 
                "id": 12, 
                "name": "Russian Government Process", 
                "points": 988, 
                "solves": 7
            }, 
            {
                "category": "Insane", 
                "description": "Rare gem: __kackers group__ bot as a binary. We need to investigate this incident.\r\n\r\nWarning: this is malware analysis task. This program can get output of `uname`, `date` and `uptime` and send it to remote control server. We do not store or analyse this data, but if you don't want to share this - task can be solved statically. \r\n\r\nHappy reversing!\r\n\r\nhttps://drive.google.com/open?id=1nozsqQU-lP7qN3lBltFAyqo8uuBBmgy7\r\n\r\n@anfinogenov", 
                "files": [], 
                "hints": [], 
                "id": 21, 
                "name": "not_a_malware", 
                "points": 1000, 
                "solves": 2
            }
        ], 
        "Joy": [
            {
                "category": "Joy", 
                "description": "#kksctf threat intel team searching for kackers and posting it's progress to some social network. Maybe, their evidences will help you", 
                "files": [], 
                "hints": [], 
                "id": 28, 
                "name": "Instane", 
                "points": 267, 
                "solves": 19
            }
        ], 
        "Misc": [
            {
                "category": "Misc", 
                "description": "Do you like to decorate the Christmas tree?", 
                "files": [], 
                "hints": [], 
                "id": 3, 
                "name": "Xmas Tree", 
                "points": 100, 
                "solves": 214
            }, 
            {
                "category": "Misc", 
                "description": "Haven't you read our rules?\r\n", 
                "files": [], 
                "hints": [], 
                "id": 4, 
                "name": "ru!e5p@g3", 
                "points": 100, 
                "solves": 344
            }, 
            {
                "category": "Misc", 
                "description": "To: Me my_mail123@mirea.ru  \r\nFrom: Chandler thegreatchad@example.com  \r\nSubject: work stuff  \r\n\r\nHey buddy,\r\n\r\nHow's it going? I was wondering if you could help our team out with a test case of sorts. We wrote a prototype service which is meant for sorting arrays but we haven't had enough time to test it through.\r\n\r\nDo you mind helping out with some testing? Just going through the motions and seeing that everything runs OK without crashing on the user's side would be fine. Feel free to tell me if you're too busy and won't have time for it, too.\r\n\r\nYou can find it here:\r\n`nc tasks.open.kksctf.ru 8009`\r\n\r\nThank you in advance!\r\n\r\nhttps://drive.google.com/open?id=1wmUifOkBGOlFFrVuODoXFzF84oWcSDn2", 
                "files": [], 
                "hints": [], 
                "id": 10, 
                "name": "Not Quick Enough", 
                "points": 971, 
                "solves": 10
            }, 
            {
                "category": "Misc", 
                "description": "Hey there!\r\n\r\nSo right before New Year's, we decided to go through all of the old stuff at the faculty office. Guess what we found among all the boxes! There were a whole bunch of floppy disks right from the 90s and such. Really looked like dinosaurs used those. Because there are no disk trays on the Macbooks that we use, we had to get a super old PC running (barely managed to boot the damn thing).\r\n\r\nOne of the floppies was quite interesting. It had a console-based game on it, similar to ones that were popular in the 80s. I tried it and got stuck on the first enemy! Maybe you'll manage to get further? We ended up putting the game on our server, be sure to check it out here:\r\n\r\n`nc tasks.open.kksctf.ru 8005`\r\n\r\nP. S. There's an intriguing file I found in the game's folder. Looks like something out of the source files. Maybe it can help somehow?\r\n\r\nP.P.S Use Cool Retro Term for better experience\r\n\r\nhttps://drive.google.com/open?id=1jwH63jg_aSV9Hzr6y30c2TfP_ozUxGta", 
                "files": [
                    "/files/02f3547ca4e8a640d5198a5aa59092c9/rand.h?token=eyJ0ZWFtX2lkIjoxMTAsInVzZXJfaWQiOjIzMCwiZmlsZV9pZCI6M30.XgmdEQ.SCmbFrtkqiuePk8Sy1JKfHX-kAc"
                ], 
                "hints": [], 
                "id": 11, 
                "name": "Christmas quest", 
                "points": 983, 
                "solves": 8
            }, 
            {
                "category": "Misc", 
                "description": "We get some file. Can you find secret?\r\n\r\n@greg0r0", 
                "files": [
                    "/files/58b619b837805b153a117f85ba1c3add/stego50.jpg?token=eyJ0ZWFtX2lkIjoxMTAsInVzZXJfaWQiOjIzMCwiZmlsZV9pZCI6OH0.XgmdEg.ts42lbzfPR5Oe-GqJIm3J9HUGRM"
                ], 
                "hints": [], 
                "id": 13, 
                "name": "Stego Warmup", 
                "points": 100, 
                "solves": 286
            }
        ], 
        "PPC": [
            {
                "category": "PPC", 
                "description": "Do you like rougelike games? Our monsters are decorating a Christmas tree so you can pass without a problem. Except one: you must hurry! Any unnecessary turn can be a reason for being late for holiday!\r\n\r\n`nc tasks.open.kksctf.ru 31397`\r\n\r\n@servidei9707\r\n\r\nP.S. `urld` to move. You can send sequence of turns at one time, ex. `rrddll`", 
                "files": [], 
                "hints": [], 
                "id": 8, 
                "name": "A_MAZE_ING", 
                "points": 983, 
                "solves": 8
            }
        ], 
        "Pwn": [
            {
                "category": "Pwn", 
                "description": "<img src=\"https://i.imgur.com/9oagyn3.png\" width=\"100%\">\r\n\r\nP.S. glibc2.27 is the greatest version of glibc!\r\n\r\n`nc tasks.open.kksctf.ru 10000`\r\n\r\nlib: https://drive.google.com/open?id=1cpyWT_cRu2szV2u4lpp5ESgMMXUP3IMu  \r\nheap: https://drive.google.com/open?id=1Cnx-VBufgdowFXvE7iIPc6mBZRbnZc7W  \r\ndf: https://drive.google.com/open?id=1TRfyx8-5DZrQ70ah8eKLTCbxFT4vBAWj", 
                "files": [], 
                "hints": [], 
                "id": 16, 
                "name": "Heap-Heap-Hooray!", 
                "points": 988, 
                "solves": 7
            }, 
            {
                "category": "Pwn", 
                "description": "Kackers are hiding some crucial information here. We don't know what exactly it is, but can you help us to retrive it? \r\n\r\n`nc tasks.open.kksctf.ru 10001`\r\n\r\nlibc: https://drive.google.com/open?id=1t9G-yAWk0c8eLTlDZ45DstV0UqmrScgS", 
                "files": [
                    "/files/7b1115b6cd00696ffb54a519b862cb1a/r2lc?token=eyJ0ZWFtX2lkIjoxMTAsInVzZXJfaWQiOjIzMCwiZmlsZV9pZCI6MTJ9.XgmdEg.Iq6jn68NCYLyPjpnU6qKz5uY6mU"
                ], 
                "hints": [], 
                "id": 17, 
                "name": "Another ret to libc", 
                "points": 997, 
                "solves": 4
            }, 
            {
                "category": "Pwn", 
                "description": "We received new message from kackers. They laugh at us being sure that no one will ever be able to break them and even left a description of what needs to be done. Show them what happens to overly confident people!\r\n\r\n`nc tasks.open.kksctf.ru 10002`\r\n\r\nhttps://drive.google.com/open?id=1xSswzDDa0lhtGZ2zfhkRr_kNHD0pcdIy\r\n\r\n@oldwayfarer", 
                "files": [], 
                "hints": [], 
                "id": 18, 
                "name": "Baby buffer overflow", 
                "points": 100, 
                "solves": 86
            }, 
            {
                "category": "Pwn", 
                "description": "There supposed to be some uncrackable badass pwn, but, you know, all this festive mood around and i am a kind fellow, so just for this time take easy one instead...let it be our little secret. Happy New Year! :)\r\n\r\n`nc tasks.open.kksctf.ru 10003`\r\n\r\nhttps://drive.google.com/open?id=1FaEc0QH_7zvSDQNgJcVwRf3F1dQptp-d\r\n\r\n@oldwayfarer", 
                "files": [], 
                "hints": [], 
                "id": 19, 
                "name": "Insane pwn", 
                "points": 100, 
                "solves": 80
            }
        ], 
        "Reverse": [
            {
                "category": "Reverse", 
                "description": "Buffalo dead while reversing this task.\r\n\r\nWarning:\r\nFlag format is changed (not kks)! But it still using brackets.\r\n\r\n@greg0r0", 
                "files": [
                    "/files/a1547ef985332b7ff5ee3f5d1df04d61/checker?token=eyJ0ZWFtX2lkIjoxMTAsInVzZXJfaWQiOjIzMCwiZmlsZV9pZCI6OX0.XgmdEg.qMEoRpLTsjMPPSUyhyTWX22KRMI"
                ], 
                "hints": [], 
                "id": 14, 
                "name": "Buffalo Reverse", 
                "points": 100, 
                "solves": 75
            }, 
            {
                "category": "Reverse", 
                "description": "Here's a minimal system image. Evil kackers know a way to IMAGine secrets, so your task is to bring them to the real world.\r\n\r\nYou may need to surround flag with kks{}\r\n\r\nhttps://drive.google.com/open?id=1GeXYdPdKDx2xeWaqd9_FxitWxkwpLlGY\r\n\r\n@servidei9707", 
                "files": [], 
                "hints": [], 
                "id": 24, 
                "name": "Secret IMAGination", 
                "points": 995, 
                "solves": 5
            }, 
            {
                "category": "Reverse", 
                "description": "Looks like another kackers's intrusion artifact. Find password for this program and it'll tell you its secrets.", 
                "files": [
                    "/files/ed37d0901ac17d173d13b45653bcbcdf/task_tree.c?token=.eJyrVipJTcyNz0xRsjI0NNBRKi1OLQLzjIyBvLTMnFSoXC0AG2IM3g.XgmdEg.ogNZXmV7NbSdPIx_ljSQ0Tjxl_o"
                ], 
                "hints": [], 
                "id": 27, 
                "name": "Xmas Tree 2", 
                "points": 100, 
                "solves": 52
            }
        ], 
        "Web": [
            {
                "category": "Web", 
                "description": "Hey, some ka\u0441kers steal my mail. Can you help return and deliver it?\r\n\r\ntasks.open.kksctf.ru:8001\r\n\r\n@greg0r0", 
                "files": [], 
                "hints": [], 
                "id": 15, 
                "name": "Postman", 
                "points": 100, 
                "solves": 149
            }, 
            {
                "category": "Web", 
                "description": "We found a strange service with secrets that use blockchain-like technology. Evil kackers use it to store their secrets, maybe u can find something interesting.\r\n\r\nhttp://tasks.open.kksctf.ru:20005/\r\n\r\n@thunderstorm8", 
                "files": [], 
                "hints": [
                    "Next secret is chained to previous, link to next secret contains current location and current secret (except first step)"
                ], 
                "id": 22, 
                "name": "Kackers blockchained notes", 
                "points": 919, 
                "solves": 16
            }, 
            {
                "category": "Web", 
                "description": "kackers stole a gift recipient database and try to sell it on the Internet!\r\nseems their application is not so secure.\r\nThey also have some secrets, get it!\r\n\r\nhttp://tasks.open.kksctf.ru:20006/\r\n\r\nAuthor: @thunderstorm8", 
                "files": [], 
                "hints": [], 
                "id": 23, 
                "name": "Leaked new year DB", 
                "points": 1000, 
                "solves": 2
            }, 
            {
                "category": "Web", 
                "description": "We found a login form to the kackers secret site. It seems to be using some kind of OTP, and we intercepted some strange file. I think evil kackers are keeping something important there, try to get it out!\r\n\r\nhttp://tasks.open.kksctf.ru:20007/\r\n\r\n@rubikoid", 
                "files": [
                    "/files/8794dda7218087e80b91cfc6d442b987/crypto.py?token=eyJ0ZWFtX2lkIjoxMTAsInVzZXJfaWQiOjIzMCwiZmlsZV9pZCI6MTB9.XgmdEg.IlBohVN39uraJgP6Tz9YIjbL6K8"
                ], 
                "hints": [], 
                "id": 26, 
                "name": "Predictor", 
                "points": 997, 
                "solves": 4
            }
        ]
    }, 
    "url": "https://open.kksctf.ru"
}